{
    "name": "Gói dịch vụ (Package Item)",
    "inputs": {
        "name": {
            "type": "text",
            "label": "Tên gói",
            "placeholder":"Ví dụ: Tin tức"
        },
        "description": {
            "type": "textarea",
            "label": "Mô tả ngắn",
            "placeholder": "Ví dụ: 1 năm bảo hành\nMiển phí hosting\nNiễn phí tên miền\n..."
        },
        "price_text": {
            "type": "text",
            "label": "Giá",
            "value": "0"
        },
        "active": {
            "type": "switch",
            "label": "Nổi bật",
            "check_label": "Có",
            "value_type": "boolean"
        },
        "link": {
            "type": "text",
            "label": "Liên kết"
        },
        "btn_text": {
            "type": "text",
            "label": "Nút xem thêm",
            "value": "Đăng ký"
        },
        "class_name": {
            "type": "text",
            "label": "Class Name",
            "value": "col-md-6"
        }
    }
}