{
    "name": "Dịch vụ (service item)",
    "inputs": {
        "name": {
            "type": "text",
            "label": "Tên dịch vụ",
            "placeholder":"Ví dụ: thiết kế website"
        },
        "description": {
            "type": "text",
            "label": "Mô tả ngắn",
            "value": "",
            "placeholder": ""
        },
        "use_label": {
            "type": "switch",
            "label": "Thêm nhãn",
            "check_label": "Có",
            "value_type": "boolean"
        },
        "label_text": {
            "type": "text",
            "label": "Nhãn",
            "value": "",
            "placeholder": "Ví dụ Good"
        },
        
        "label_class": {
            "type": "crazyselect",
            "label": "Loại nhãn",
            "value": "success",
            "data": {
                "success": "Success (Xanh lá)",
                "danger": "Danger (Đỏ)"
            }
        },
        
        "icon": {
            "type": "text",
            "label": "Icon ClassName",
            "placeholder": "Ví dụ: fa fa-bolt",
            "value": "fa fa-bolt"
        }
    }
}