{
    "name": "Thành viên trong nhóm (team member)",
    "inputs": {
        "name": {
            "type": "text",
            "label": "Tên thành viên",
            "placeholder":"Ví dụ: Thiện CH"
        },
        "avatar": {
            "type": "file",
            "label": "Avatar"
        },
        "job": {
            "type": "text",
            "label": "công việc (Vị trí làm việc)"
        },
        "is_loader": {
            "type": "switch",
            "label": "Trưởng nhóm?",
            "value_type": "boolean"
        }
    }
}