{
    "label": "Liên hệ",
    "inputs": {
        "page_title": {
            "type": "text",
            "label": "Tiêu đề Trang liên hệ",
            "value": "Liên hệ"
        },
        "page_description": {
            "type": "textarea",
            "label": "Mô rả trang liên hệ",
            "placeholder": "Viết gì đó"
        },
        "header_style": {
            "type": "radio",
            "label": "Header Style mặc định",
            "data": {
                "1": "Style 1",
                "2": "Style 2"
            },
            "default": "2"
        },
        "show_breadcrumb": {
            "type": "switch",
            "label": "Breadcrumb",
            "value_type": "boolean",
            "check_label": "Hiển thị breadcrumb"
        },
        "email": {
            "type": "text",
            "Label": "Email",
            "placeholder": "Mặc dịnh sẽ lấy từ thiết lập thông tin wwbsite"
        },
        "phone_number": {
            "type": "text",
            "Label": "Số điện thoại",
            "placeholder": "Mặc dịnh sẽ lấy từ thiết lập thông tin wwbsite"
        },
        "address": {
            "type": "text",
            "Label": "Địa chỉ",
            "placeholder": "Mặc dịnh sẽ lấy từ thiết lập thông tin wwbsite"
        },

        "form_title": {
            "type": "text",
            "label": "Tiêu đề Form liên hệ",
            "value": "Hãy nói về những ý tưởng của bạn"
        },
        "form_description": {
            "type": "textarea",
            "label": "Mô rả / Giới thiệu",
            "placeholder": "Viết gì đó"
        },
        "button_text": {
            "type": "text",
            "label": "Nút gửi",
            "value": "Gửi liên hệ"
        },
        "map_code": {
            "type": "textarea",
            "label": "Mã nhúng bản đồ",
            "placeholder": "Nhập mã Mã nhúng"
        },
        "faq_title": {
            "type": "text",
            "label": "Tiêu đề FAQ (Tùy chọn)"
        },
        "contact_faq": {
            "type": "area",
            "label": "Các Câu hỏi thường gặp",
            "value": "contact_faq",
            "@title-by": "title"
        }
    }
}