{
    "label": "Trang chủ",
    "inputs": {
        "home": {
            "type": "area",
            "label": "Thành phàn trang chủ",
            "value": "home",
            "@title-by": "title"
        },
        "home_services": {
            "type": "area",
            "label": "Danh sách dịch vụ",
            "value": "home_services",
            "@title-by": "title"
        },
        "testimonials": {
            "type": "area",
            "label": "Danh sách phản hồi tùy biến",
            "value": "testimonials",
            "props": {
                "@title-by": "name"
            }
        },
        "members": {
            "type": "area",
            "label": "Danh sách thành viên tùy biến",
            "value": "team_members",
            "@title-by": "name"
        }
    },
    "config": {
        "layout_type": "single",
        "form_groups": {
            "home": {
                "title": "Thiết lập trang chủ mặc định",
                "inputs": [
                    "home", "home_services", "testimonials", "members"
                ]
            }
        }
    }
}