{
    "label": "Dự án",
    "inputs": {
        "header_style": {
            "type": "radio",
            "label": "Header Style mặc định",
            "data": {
                "1": "Style 1",
                "2": "Style 2"
            },
            "default": "2"
        },
        "show_breadcrumb": {
            "type": "switch",
            "label": "Breadcrumb",
            "value_type": "boolean",
            "check_label": "Hiển thị breadcrumb"
        },
        "list_layout": {
            "type": "radio",
            "label": "Layout Danh sách",
            "data": {
                "sidebar": "sidebar",
                "fullwidth": "fullwidth"
            },
            "default": "sidebar"
        },
        "list_type": {
            "type": "radio",
            "label": "Kiểu Danh sách",
            "data": {
                "list": "Danh sách (list)",
                "grid": "Lưới (grid)"
            },
            "default": "grid"
        },

        "header_bg_default_color": {
            "type": "radio",
            "label": "Màu có sẵn",
            "data":{
                "": "Mặc định",
                "gray": "Gray",
                "light": "Light",
                "theme-small": "Theme Small",
                "theme": "Theme"
            }
        },
        "header_bg_color": {
            "type": "text",
            "label":"Mã màu (Tùy chọn)",
            "placeholder": "Nhập mã màu..."
        },
        "header_use_bg_image": {
            "type": "switch",
            "label": "Sử dụng hình nền",
            "value_type": "boolean",
            "check_label": "Có"
        },
        "header_bg_image": {
            "type": "file",
            "label": "Hình nền (Tùy chọn)"
        },
        "header_bg_position":{
            "type": "radio",
            "label": "Vị trí ảnh",
            "data": {
                "": "Không",
                "cover": "cover",
                "contain": "contain",
                "fixed": "fixed"
            }
        },
        "header_class_name": {
            "type": "text",
            "label": "Class (Tùy chọn)"
        }
        
    },
    "config": {
        "name": "Thiết lập mục đăng bài",
        "layout_type": "single",
        "form_groups": {
            "general": {
                "title": "Thiết lập chung",
                "inputs": [
                    "list_layout", "list_type"
                ]
            },
            "page_header": {
                "title":"Thiết lập Page Header",
                "inputs": [
                    "header_style", "show_breadcrumb", "header_bg_default_color",
                    "header_bg_color","header_use_bg_image", "header_bg_image","header_bg_position",
                    "header_class_name"

                ]
            }
        }
    },
    "data":{
        "show_breadcrumb": true,
        "list_layout": "sidebar",
        "list_type": "grid"
    }
}