{
    "positions": {
        "bize": "Bize"
    },
    "menus": {
        "bize": {
            "name": "Menu Bize",
            "type": "theme",
            "positions": ["primary", "bize"],
            "items": [
                {
                    "text": "Home",
                    "type": "url",
                    "url": "#main"
                },
                {
                    "text": "Giới thiệu",
                    "type": "url",
                    "url": "#about"
                },
                {
                    "text": "Dịch vụ",
                    "type": "url",
                    "url": "#service"
                },
                {
                    "text": "Các dự án",
                    "type": "url",
                    "url": "#work"
                },
                {
                    "text": "Nhóm làm việc",
                    "type": "url",
                    "url": "#team"
                },
                {
                    "text": "Liên hệ",
                    "type": "url",
                    "url": "#contact"
                }
            ]
        }
    }
}