{
    "title": "demo options",
    "groups": {
        "styling": {
            "label": "Styling",
            "file": "styling.json"
        },
        "hero": {
            "label": "Home",
            "file": "hero.json"
        },
        "promo": {
            "label": "Promo",
            "file": "promo.json"
        },
        "about": {
            "label": "Giới thiệu",
            "file": "about.json"
        },
        "services": {
            "label": "Dịch vụ",
            "file": "services.json"
        },
        "projects": {
            "label": "Dự án",
            "file": "projects.json"
        },
        "pricing": {
            "label": "Báo giá",
            "file": "pricing.json"
        },
        "testimonials": {
            "label": "Testimonials",
            "file": "testimonials.json"
        },
        "team": {
            "label": "Team",
            "file": "team.json"
        },
        "contact": {
            "label": "Liên hệ",
            "file": "contact.json"
        },
        "footer": {
            "label": "Footer",
            "file": "footer.json"
        }
    }
}