{
    "home": "Trang Chủ",
    "sidebar_docs_left": "Docs Left Sidebar",
    "sidebar_docs_right": "Docs Right Sidebar",
    "sidebar_post": "Post Sidebar",
    "sidebar_project": "Project Sidebar",
    "sidebar_page": "Page Sidebar",
    "home_docs": "Trang Chủ Tài liệu",
    "post_docs": "Tài liệu - trang tin bài",
    "docbody": "Dock Body",
    "docly_footer": "Docly Footer",
    "home_tabs": "Home Tabs",
    "help_area": "Help Area",
    "post_settings": "Post Setting",
    "home_services": "Home Services",
    "testimonials": "Phản hồi từ khách  hàng",
    "team_members": "Thành viên nhóm"
}