{
    "label": "Forms",
    "inputs": {
        "logo": {
            "type": "file",
            "label": "Logo"
        },
        "logo_light": {
            "type": "file",
            "label": "Logo Trắng (light)"
        },
        "register_title": {
            "type": "text",
            "label": "Tiêu đề mục đăng ký",
            "value": "Đăng ký để nhận tài khoản dùng thử miển phí"
        },
        "register_description": {
            "type": "textarea",
            "label": "Mô rả mục đăng ký",
            "placeholder": "Viết gì đó"
        }
        
    }
}