{
    "label": "Header",
    "inputs": {
        "show_top": {
            "type": "switch",
            "label": "Hiển thị text trung tâm",
            "check_label": "Có",
            "value_type": "boolean"
        },
        "logo": {
            "type": "file",
            "label": "Logo"
        },
        "logo_light": {
            "type": "file",
            "label": "Logo Trắng (light)"
        },
        "page_header_background": {
            "type": "file",
            "label": "Hình nền đầu trang mặc định (Tùy chọn)"
        },
        "page_header_padding_y": {
            "type": "number",
            "label": "Căn trên dưới đầu trang (px)",
            "default": "160"
        },
        "page_header_breadcrumb_bottom": {
            "type": "number",
            "label": "breakcrumb position-Bottom (px)",
            "default": "-180"
        }
        
    }
}