{
    "label": "Sidebar",
    "inputs": {
        "widgets": {
            "type": "area",
            "label": "Post sidebar Widgets",
            "value": "sidebar_post"
        },
        "project_widgets": {
            "type": "area",
            "label": "project sidebar Widgets",
            "value": "sidebar_project"
        },
        "page_widgets": {
            "type": "area",
            "label": "page sidebar Widgets",
            "value": "sidebar_page",
            "default": "sidebar_page"
        }
    }
}