{
    "label": "Giới thiệu",
    "inputs": {
        "show": {
            "type": "switch",
            "label": "Hiển thị phần giới thiệu ",
            "check_label": "Có",
            "value_type": "boolean",
            "value": true
        },
        "section_title": {
            "type": "text",
            "label": "Tiêu đề section",
            "value": "Giới thiệu"
        },
        "page_id": {
            "type": "crazyselect",
            "label": "Trang giới thiệu (tùy chọn)",
            "call": "get_page_options",
            "params": [
                [],
                "Chọn một"
            ]
        },
        "title": {
            "type": "text",
            "label": "Tiêu đề giới thiệu",
            "value": "Đôi nét về chúng tôi"
        },
        "description": {
            "type": "ckeditor",
            "label": "Nội dung Giới thiệu",
            "height": "200"
        },
        "image": {
            "type": "file",
            "label": "Ảnh minh họa"
        }
    }
}