{
    "label": "Liên hệ",
    "inputs": {
        "show": {
            "type": "switch",
            "label": "Hiển thị mục liên hệ",
            "props": {
                "check_label": "Có"
            },
            "value_type": "boolean",
            "value": true
        },
        "sub_title": {
            "type": "text",
            "label": "Tiêu đề phụ"
        },
        "title": {
            "type": "text",
            "label": "Tiêu đề",
            "value": "Dự án"
        },
        "button_text": {
            "type": "text",
            "label": "Nút gửi",
            "value": "Gửi liên hệ"
        },
        "project_number": {
            "type": "number",
            "label": "Số lượng",
            "value": 10
        }
    }
}