{
    "label": "Footer",
    "inputs": {
        "copyright": {
            "type": "text",
            "label": "Tuyên bố bản quyền"
        },
        "show_socials": {
            "type": "switch",
            "label": "Hiển thị MXH",
            "check_label": "Có",
            "value_type": "boolean"
        },
        "facebook": {
            "type": "text",
            "label": "Facebook",
            "placeholder": "Liên kết Facebook"
        },
        "twitter": {
            "type": "text",
            "label": "Twitter",
            "placeholder": "Liên kết Twitter"
        },
        "linkedin": {
            "type": "text",
            "label": "LinkedIn",
            "placeholder": "Liên kết LinkedIn"
        },
        "youtube": {
            "type": "text",
            "label": "Youtube",
            "placeholder": "Liên kết Youtube"
        }
    }
}