{
    "label": "Banner",
    "inputs": {
        "show": {
            "type": "switch",
            "label": "Hiển thị Text Slider (hero) ",
            "check_label": "Có",
            "value_type": "boolean",
            "value": true
        },
        "background": {
            "type": "file",
            "Label": "Hình nền"
        },
        "sub_title": {
            "type": "text",
            "label": "Tiêu đề trên",
            "value": "Connecting to the future"
        },
        "static_title": {
            "type": "text",
            "label": "Tiêu đề tĩnh",
            "value": "We are"
        },
        "typed_title": {
            "type": "text",
            "label": "Tiêu đề động (typed text)",
            "value": "Web Developer, Web Designer"
        },
        "description": {
            "type": "textarea",
            "label": "Mô tả",
            "value": "Our work is the presentation of our capabilities. Professionally myocardinate\n high standards in infrastructures and focused solutions. Completely actualize\n multifunctional best practices",
            "placeholder": "Nhập mô tả"
        },
        "button_link": {
            "type": "text",
            "label": "Button Link",
            "value": "#service"
        },
        "button_text": {
            "type": "text",
            "label": "Button Text",
            "value": "Our Services"
        }
        
        
    }
}