{
    "label": "Báo giá",
    "inputs": {
        "show": {
            "type": "switch",
            "label": "Hiển thị trang Báo giá",
            "props": {
                "check_label": "Có"
            },
            "value_type": "boolean",
            "value": true
        },
        "sub_title": {
            "type": "text",
            "label": "Tiêu đề phụ"
        },
        "title": {
            "type": "text",
            "label": "Tiêu đề",
            "value": "Bảng giá"
        },
        "description": {
            "type": "textarea",
            "label": "Mô tả "
        },

        "layout": {
            "type": "crazyselect",
            "label": "Layout",
            "data":{
                "1": "4 / 7",
                "2": "4 / 8",
                "3": "3 / 8",
                "4": "3 / 9"
            },
            "value": 1
        },

        "tab_active": {
            "type": "radio",
            "label": "Tab kích hoạt",
            "data": {
                "1": "Tab 1",
                "2": "Tab 2",
                "3": "Tab 3"
            }
        },

        "tab_1_show": {
            "type": "switch",
            "label": "Hiển thị Tab 1",
            "check_label": "Có",
            "value_type": "boolean",
            "value": true
        },
        "tab_1_title": {
            "type": "text",
            "label": "Tiêu đề tab 1",
            "value": "Basic"
        },
        "tab_1_packages": {
            "type": "area",
            "label": "Các gói trong tab 1",
            "value": "tab_1_packages"
        },
        "tab_2_show": {
            "type": "switch",
            "label": "Hiển thị Tab 2",
            "check_label": "Có",
            "value_type": "boolean"
        },
        "tab_2_title": {
            "type": "text",
            "label": "Tiêu đề tab 2",
            "value": ""
        },
        "tab_2_packages": {
            "type": "area",
            "label": "Các gói trong tab 2",
            "value": "tab_2_packages"
        },
        "tab_3_show": {
            "type": "switch",
            "label": "Hiển thị Tab 3",
            "check_label": "Có",
            "value_type": "boolean"
        },
        "tab_3_title": {
            "type": "text",
            "label": "Tiêu đề tab 3"
        },
        "tab_3_packages": {
            "type": "area",
            "label": "Các gói trong tab 3",
            "value": "tab_3_packages"
        }
        
    }
}