{
    "label": "Dự án",
    "inputs": {
        "show": {
            "type": "switch",
            "label": "Hiển thị mục Dự án",
            "props": {
                "check_label": "Có"
            },
            "value_type": "boolean",
            "value": true
        },
        "sub_title": {
            "type": "text",
            "label": "Tiêu đề phụ"
        },
        "title": {
            "type": "text",
            "label": "Tiêu đề",
            "value": "Dự án"
        },
        "sorttype": {
            "type": "crazyselect",
            "label": "Kiểu sắp xếp",
            "call": "get_project_sortby_options",
            "value": 1
        },
        "project_number": {
            "type": "number",
            "label": "Số lượng",
            "value": 10
        }
    }
}