{
    "label": "Promo",
    "inputs": {
        "show": {
            "type": "switch",
            "label": "Hiển thị promo ",
            "check_label": "Có",
            "value_type": "boolean",
            "value": true
        },
        "extra_class": {
            "type": "text",
            "label": "Extra class",
            "value": "",
            "placeholder": "Ví dụ: bg-gray"
        },
        "promos": {
            "type": "area",
            "label": "Promo Items",
            "value": "promos"
        }
    }
}