{
    "label": "Dịch vụ",
    "inputs": {
        "show": {
            "type": "switch",
            "label": "Hiển thị phần dịch vụ ",
            "check_label": "Có",
            "value_type": "boolean",
            "value": true
        },
        "sub_title": {
            "type": "text",
            "label": "Tiêu đề nhỏ (tùy chọn)",
            "value": ""
        },
        "title": {
            "type": "text",
            "label": "Tiêu đề",
            "value": "Dịch vụ"
        },
        "services": {
            "type": "area",
            "label": "Các dịch vụ",
            "value": "services"
        }
    }
}