{
    "label": "Team",
    "inputs": {
        "show": {
            "type": "switch",
            "label": "Hiển thị Nhóm làm việc",
            "value_type": "boolean",
            "value": true
        },
        "sub_title": {
            "type": "text",
            "label": "Tiêu đề phụ"
        },
        "title": {
            "type": "text",
            "label": "Tiêu đề",
            "value": "Team"
        },

        "list_type": {
            "type": "radio",
            "label": "Kiểu danh sách",
            "props": {
                "data": {
                    "data": "Trong bảng Nhóm",
                    "custom": "Danh sách tùy biến"
                }
            },
            "value": "custom"
        },

        "team_id": {
            "type":"crazyselect",
            "label": "Nhóm",
            "call": "get_team_options",
            "params": [[], "Chọn nhóm"]
        },

        "item_number": {
            "type": "number",
            "label": "Số lượng",
            "value": 4
        },
        "sort_type": {
            "type": "crazyselect",
            "label": "Sắp xếp",
            "props": {
                "data": {
                    "id-ASC": "Mặc định",
                    "id-DESC": "Mới nhất",
                    "users.name-ASC": "thứ tự bảng chự cái",
                    "is_leader-DESC": "Ưu tiên trưởng nhóm",
                    "job-ASC": "Công việc (A-z)",
                    "rand()": "Ngẫu nhiên"
                }
            },
            "value": "id-ASC"
        },


        "members": {
            "type": "area",
            "label": "Danh sách thành viên tùy biến",
            "value": "team_members",
            "props": {
                "@title-by": "name"
            }
        }
    }
}